"","clean_org_name","org_type"
"1","350 Contra Costa","cbo_ngo"
"2","350 Sacramento","cbo_ngo"
"3","Aa Sierra Branch Committee","cbo_ngo"
"4","Ace Rail","service_provider"
"5","Aecom","ecr"
"6","Ag Innovations","ecr"
"7","Alameda County Water District","local_gov"
"8","Alamo Cdp","local_gov"
"9","All Positives Possible","cbo_ngo"
"10","Alliance Of Californians For Community Empowerment","msg"
"11","Ambrose Recreation And Park District","enviro_sd"
"12","American River Flood Control District","water_sd"
"13","Amports","ecr"
"14","Annex K Reclamation District #800​","water_sd"
"15","Antioch High School","ecr"
"16","Antioch Mobility Labs","cbo_ngo"
"17","Antioch Unified School District","ecr"
"18","Arden Manor Recreation And Park District","enviro_sd"
"19","Arden Park Recreation And Park District","enviro_sd"
"20","Asian Pacific Environmental Network","msg"
"21","Asian-Pacific Self-Development And Residential Association","cbo_ngo"
"22","Association Of Bay Area Governments","reg_gov"
"23","Audobon Conservation Ranching Program","enviro"
"24","Aura Planning Inc.","ecr"
"25","Autumn Wind Associates","ecr"
"26","Avena Drainage District","water_sd"
"27","Bay Area Climate Adaptation Network","msg"
"28","Bay Area Metro","reg_gov"
"29","Bay Area Regional Health Inequities Initiative","ecr"
"30","Bay Conservation And Development Commission","state_gov"
"31","Bay Point Area Of Benefit","service_sd"
"32","Bayview Cdp","local_gov"
"33","Benicia Chamber Of Commerce","cbo_ngo"
"34","Benicia Parks Recreation And Cemetery Commission","enviro_sd"
"35","Benicians For A Safe And Healthy Community","cbo_ngo"
"36","Bethel Island Municipal Improvement District","service_sd"
"37","Boggs Tract Fire Protection District","fire_sd"
"38","Brannan-Andrus Levee Maintenance District","water_sd"
"39","Breathe California Sacramento Region","cbo_ngo"
"40","Bryte And Broderick Community Action Network","msg"
"41","Buena Vista Rancheria Of Me-Wuk Indians","tribe"
"42","Byron Cdp","local_gov"
"43","Byron-Bethany Irrigation District","water_sd"
"44","California Air Resources Board","state_gov"
"45","California American Water Company","water_sd"
"46","California Central Valley Flood Control Association","msg"
"47","California Coalition For Rural Housing","msg"
"48","California Coastal Conservancy","reg_gov"
"49","California Department Of Agriculture","state_gov"
"50","California Department Of Fish And Wildlife","state_gov"
"51","California Department Of Food And Agriculture","state_gov"
"52","California Department Of General Services","state_gov"
"53","California Department Of Parks And Recreation Division Of Boating And Waterways","state_gov"
"54","California Department Of Public Health","state_gov"
"55","California Department Of Water Resources","state_gov"
"56","California Department Of Water Resources Division Of Flood Management","state_gov"
"57","California Energy Commission","state_gov"
"58","California Environmental Protection Agency","state_gov"
"59","California Farm Bureau","ag_entity"
"60","California Farmland Trust","ag_entity"
"61","California Independent System Operator","ecr"
"62","California Indian Environmental Alliance","tribe"
"63","California Institute For Rural Studies","ecr"
"64","California Natural Resources Agency","state_gov"
"65","California Nevada River Forecast Center","fed_gov"
"66","California Office Of Emergency Services","state_gov"
"67","California Office Of Emergency Services Recovery","state_gov"
"68","California Office Of Planning And Research","state_gov"
"69","California Public Utilities Commission","state_gov"
"70","California Rice Commission","ag_entity"
"71","California State Assembly","state_gov"
"72","California State Lands Commission","state_gov"
"73","California State Senate","state_gov"
"74","California State Transportation Agency","state_gov"
"75","California State University Chico","ecr"
"76","California State University East Bay","ecr"
"77","California State University Sacramento","ecr"
"78","California Striped Bass Association","enviro"
"79","California Tribal Tanf Partnership","tribe"
"80","California Valley Miwok Tribe Tribal Headquarters","tribe"
"81","California Water Research","ecr"
"82","California Waterfowl Association","enviro"
"83","Calrecycle","state_gov"
"84","Caltrans","state_gov"
"85","Caltrans District 10","state_gov"
"86","Caltrans District 4","state_gov"
"87","Capay Fire Protection District","fire_sd"
"88","Capital Regional Climate Readiness Collaborative","msg"
"89","Catholic Charities Of The Diocese Of Stockton","cbo_ngo"
"90","Catholic Charities Of The Diocese Of Yolo-Solano","cbo_ngo"
"91","Center For Human Development","cbo_ngo"
"92","Center For Land Based Learning","cbo_ngo"
"93","Center On Race, Poverty, And The Enviornment","cbo_ngo"
"94","Central California Enviornmental Justice Network","msg"
"95","Central California Irrigation District","water_sd"
"96","Central Contra Costa Sanitary District","water_sd"
"97","Central Delta Water Agency","water_sd"
"98","Central Sanitation District","water_sd"
"99","Central Valley Air Coalition","msg"
"100","Central Valley Air Quality Coalition","msg"
"101","Central Valley Flood Protection Board","state_gov"
"102","Changeist","cbo_ngo"
"103","Citrus Heights Water District","water_sd"
"104","City College Of New York","ecr"
"105","City Of Antioch","local_gov"
"106","City Of Benicia","local_gov"
"107","City Of Benicia Planning Commission","local_gov"
"108","City Of Brentwood","local_gov"
"109","City Of Citrus Heights","local_gov"
"110","City Of Concord","local_gov"
"111","City Of Davis","local_gov"
"112","City Of Dixon","local_gov"
"113","City Of El Cerrito","local_gov"
"114","City Of Elk Grove","local_gov"
"115","City Of Escalon","local_gov"
"116","City Of Fairfield","local_gov"
"117","City Of Folsom","local_gov"
"118","City Of Isleton","local_gov"
"119","City Of Lafayette","local_gov"
"120","City Of Lathrop","local_gov"
"121","City Of Lodi","local_gov"
"122","City Of Manteca","local_gov"
"123","City Of Oakley","local_gov"
"124","City Of Orinda","local_gov"
"125","City Of Pittsburg","local_gov"
"126","City Of Pleasant Hill","local_gov"
"127","City Of Rancho Cordova","local_gov"
"128","City Of Richmond","local_gov"
"129","City Of Rio Vista","local_gov"
"130","City Of Ripon","local_gov"
"131","City Of Roseville","local_gov"
"132","City Of Sacramento","local_gov"
"133","City Of Sacramento Community Development Department","local_gov"
"134","City Of Sacramento Department Of Utilities","local_gov"
"135","City Of Sacramento Office Of Emergency Management","local_gov"
"136","City Of Sacramento Planning Department","local_gov"
"137","City Of Sacramento Public Works","local_gov"
"138","City Of Sacramento, District 5","local_gov"
"139","City Of San Pablo","local_gov"
"140","City Of San Ramon","local_gov"
"141","City Of Stockton","local_gov"
"142","City Of Suisun City","local_gov"
"143","City Of Tracy","local_gov"
"144","City Of Vacaville","local_gov"
"145","City Of Vallejo","local_gov"
"146","City Of Walnut Creek","local_gov"
"147","City Of West Sacramento","local_gov"
"148","City Of Winters","local_gov"
"149","City Of Woodland","local_gov"
"150","Civic Thread","cbo_ngo"
"151","Civicspark","cbo_ngo"
"152","Civicwell","cbo_ngo"
"153","Clarksburg Fire Protection District","fire_sd"
"154","Clean Cities Sacramento","msg"
"155","Clean Water Action","enviro"
"156","Clements Rural Fire Protection District","fire_sd"
"157","Coalition Of Mexican Americans","msg"
"158","Collaboration Connection","msg"
"159","Collegeville Fire Protection District","fire_sd"
"160","Colusa Basin Drainage District","water_sd"
"161","Common Ground","cbo_ngo"
"162","Community Alliance With Family Farmers","ag_entity"
"163","Community Medical Centers","service_provider"
"164","Community Resource Project","cbo_ngo"
"165","Community Water Center","cbo_ngo"
"166","Compass Resource Management","cbo_ngo"
"167","Consero Solutions","ecr"
"168","Consulting Civil Engineers","ecr"
"169","Consumnes Csd Fire Department","fire_sd"
"170","Contra Costa County","local_gov"
"171","Contra Costa County Administrator's Office","local_gov"
"172","Contra Costa County Deparment Of Conservation And Development","local_gov"
"173","Contra Costa County Department Of Conservation And Development","local_gov"
"174","Contra Costa County Fire Protection District","local_gov"
"175","Contra Costa County Flood Control And Water Conservation District","local_gov"
"176","Contra Costa County Hazardous Materials Commission","local_gov"
"177","Contra Costa County Office Of Education","local_gov"
"178","Contra Costa County Office Of Emergency Services","local_gov"
"179","Contra Costa County Public Works","local_gov"
"180","Contra Costa County Resource Conservation District","enviro_sd"
"181","Contra Costa County Sustainability Commission","local_gov"
"182","Contra Costa County Watershed Program","local_gov"
"183","Contra Costa First 5","cbo_ngo"
"184","Contra Costa Health Services","local_gov"
"185","Contra Costa Health Services Hazardous Materials Commission","local_gov"
"186","Contra Costa Mosquito And Vector Control District","service_sd"
"187","Contra Costa Resource Conservation District","enviro_sd"
"188","Contra Costa Transportation Authority","local_gov"
"189","Contra Costa Water District","water_sd"
"190","Conway Homes Resident Council","cbo_ngo"
"191","Cool Davis","cbo_ngo"
"192","Cordelia Fire Protection District","fire_sd"
"193","Cordova​ Recreation And Park District","enviro_sd"
"194","Cornell University","ecr"
"195","Cosumnes Csd Fire Department","fire_sd"
"196","Crockett Community Services District","service_sd"
"197","Crockett- Carquinez Fire Protection District","fire_sd"
"198","Curt Schmutte Consulting","ecr"
"199","Dcc Engineering","ecr"
"200","Del Paso Manor County Water District","water_sd"
"201","Delta College","ecr"
"202","Delta Community Services","cbo_ngo"
"203","Delta Conservancy","reg_gov"
"204","Delta Counties Coalition","msg"
"205","Delta Diablo Sanitation District","water_sd"
"206","Delta Learning Center","cbo_ngo"
"207","Delta Protection Commission","state_gov"
"208","Delta Stewardship Council","state_gov"
"209","Denver Water","water_sd"
"210","Diablo Water District","water_sd"
"211","Dignity Woodland Memorial Hospital","service_provider"
"212","Dixon Resource Conservation District","enviro_sd"
"213","Dixon Ridge Farms","ag_entity"
"214","Downtown Streets Team","cbo_ngo"
"215","Ducks Unlimited","enviro"
"216","Dunnigan Fire Protection District","fire_sd"
"217","East Bay Energy Watch","enviro"
"218","East Bay Municipal Utility District","service_sd"
"219","East Bay Regional Parks District","enviro_sd"
"220","East Contra Costa Fire Protection District","fire_sd"
"221","East Contra Costa Irrigation District","water_sd"
"222","East Richmond Heights Cdp","local_gov"
"223","East Vallejo Fire Protection District","fire_sd"
"224","Eastern Contra Costa Transit Authority (Tri Delta Transit)","mj_entity"
"225","Economic And Planning Systems, Inc.","ecr"
"226","El Cerrito Fire Department","fire_sd"
"227","El Concilio","cbo_ngo"
"228","El Dorado Air Quality Management District","service_sd"
"229","El Dorado County Transportation Commission","local_gov"
"230","El Sobrante Cdp","local_gov"
"231","Elk Grove Water District","water_sd"
"232","Elkhorn Fire Protection District","fire_sd"
"233","Elverta Cdp","local_gov"
"234","Ensuring Opportunity","cbo_ngo"
"235","Environmental Defense Fund","enviro"
"236","Environmental Justice Coalition For Water","msg"
"237","Era Economics","ecr"
"238","Escalon Consolidated Fire Protection District","fire_sd"
"239","Esparto Fire Protection District","fire_sd"
"240","Exlund Hanlon, Llc","industry"
"241","Fair Oaks Recreation And Park District","enviro_sd"
"242","Fair Oaks Water District","water_sd"
"243","Fairfield-Suisun Chamber Of Commerce","cbo_ngo"
"244","Fairfield-Suisun Sewer District","water_sd"
"245","Faith In The Valley - San Joaquin","cbo_ngo"
"246","Family Harvest Farm","ag_entity"
"247","Farmington Fire Protection District","ag_entity"
"248","Fathers And Families Of San Joaquin","cbo_ngo"
"249","Feather River Air Quality Management District","service_sd"
"250","Federal Emergency Management Agency","fed_gov"
"251","Federal Energy Regulatory Commission","fed_gov"
"252","Federal Highway Administration","fed_gov"
"253","First 5 Association","cbo_ngo"
"254","Fish Friendly Farming","ag_entity"
"255","Florida International University","ecr"
"256","Florin County Water District","water_sd"
"257","Florin Resource Conservation District","enviro_sd"
"258","Foster Morrison Consulting","ecr"
"259","Fresno Council Of Governments","reg_gov"
"260","Frontier Energy","ecr"
"261","Fulton - El Camino Recreation And Park District","enviro_sd"
"262","Gateway Equity Partner","ecr"
"263","Gei Consultants","ecr"
"264","Governor's Office Of Emergency Services","state_gov"
"265","Governor's Office Of Planning And Research","state_gov"
"266","Greater San Joaquin County Regional Water Coordinating Committee","reg_gov"
"267","Green Mountain Engineering","ecr"
"268","Green Sacramento County","local_gov"
"269","Green Technical Education And Employment","cbo_ngo"
"270","Greenbelt Alliance","cbo_ngo"
"271","Grid Alternatives","cbo_ngo"
"272","Handson Sacramento","cbo_ngo"
"273","Harder + Co","ecr"
"274","Health Education Council","cbo_ngo"
"275","Herald Fire District","fire_sd"
"276","Heringer Estates Vineyards And Winery","ag_entity"
"277","Hijas Del Campo","cbo_ngo"
"278","Howell Consulting","ecr"
"279","Humphreys University","ecr"
"280","Hydrofocus, Inc.","ecr"
"281","In The Black Tax And Bookkeeping Services","service_provider"
"282","Individual","individual"
"283","Interfaith Council Of Contra Costa County","cbo_ngo"
"284","Interwest","ecr"
"285","Ione Band Of Miwok Indians","tribe"
"286","Iowa State University","ecr"
"287","Ironhouse Sanitary District","water_sd"
"288","Jacobs","ecr"
"289","Kensington Fire Protection District","fire_sd"
"290","Knights Landing Community Services District","service_sd"
"291","Knights Landing Fire Protection District","fire_sd"
"292","Knights Landing Ridge Drainage District","water_sd"
"293","Ksn Engineering, Inc.","ecr"
"294","La Familia","service_provider"
"295","Latino Outdoors","cbo_ngo"
"296","Lawrence Berkeley National Laboratory","ecr"
"297","Lawrence Livermore National Laboratory","ecr"
"298","Leadership Counsel For Justice And Accountability","cbo_ngo"
"299","League Of California Cities","msg"
"300","Liberty Rural Fire Protection District","fire_sd"
"301","Linden-Peters Fire Protection District","fire_sd"
"302","Little Manila Rising","cbo_ngo"
"303","Locke Foundation","cbo_ngo"
"304","Lockeford Community Services District","service_sd"
"305","Luhdorff And Scalmanini Consulting Engineers","ecr"
"306","M Three Ranches","ag_entity"
"307","Madison Community Services District","service_sd"
"308","Mbk Engineers","ecr"
"309","Mercy Coalition","msg"
"310","Metropolitan Transportation Commission","reg_gov"
"311","Metropolitan Water District Of Southern California","water_sd"
"312","Mokelumne Rural Fire Protection District","fire_sd"
"313","Montalvin Manor Cdp","local_gov"
"314","Montezuma Fire Protection District","fire_sd"
"315","Moraga-Orinda Fire Protection District","fire_sd"
"316","Mountain House Community Services District","service_sd"
"317","Naglee-Burk Irrigation District","water_sd"
"318","National Center For Atmospheric Research","fed_gov"
"319","National Marine Fisheries Service","fed_gov"
"320","National Oceanic And Atmospheric Association","fed_gov"
"321","National Park Service","fed_gov"
"322","National Weather Service","fed_gov"
"323","New Jerusalem Drainage District","water_sd"
"324","New Mariposa Drainage District","water_sd"
"325","North Delta Water Agency","water_sd"
"326","North Highlands Recreation And Park District","enviro_sd"
"327","North Valley Yokuts Tribe","tribe"
"328","Oak Park Sol","cbo_ngo"
"329","Oakdale Irrigation District","water_sd"
"330","Ocean Protection Council","state_gov"
"331","Opportunity Junction","cbo_ngo"
"332","Orangevale Recreation And Park District","enviro_sd"
"333","Pacific Gas And Electric","service_provider"
"334","Pacific Northwest National Laboratory","ecr"
"335","Pennsylvania State University","ecr"
"336","Placer County","local_gov"
"337","Placer County Air Quality Management District","service_sd"
"338","Placer County Office Of Emergency Services","local_gov"
"339","Placeworks","ecr"
"340","Pleasant Hill Recreation And Park District","enviro_sd"
"341","Point Blue Conservation Science","enviro"
"342","Potrero Hills Landfill","service_provider"
"343","Public Health Advocates","cbo_ngo"
"344","Puentes","cbo_ngo"
"345","Rancho Murieta Community Services District","service_sd"
"346","Reclamation District","water_sd"
"347","Reclamation District #1","water_sd"
"348","Reclamation District #1000​","water_sd"
"349","Reclamation District #1002","water_sd"
"350","Reclamation District #1007","water_sd"
"351","Reclamation District #108","water_sd"
"352","Reclamation District #1600","water_sd"
"353","Reclamation District #1601","water_sd"
"354","Reclamation District #1607","water_sd"
"355","Reclamation District #1608","water_sd"
"356","Reclamation District #1614","water_sd"
"357","Reclamation District #2","water_sd"
"358","Reclamation District #2024","water_sd"
"359","Reclamation District #2025","water_sd"
"360","Reclamation District #2026","water_sd"
"361","Reclamation District #2027","water_sd"
"362","Reclamation District #2028","water_sd"
"363","Reclamation District #2029","water_sd"
"364","Reclamation District #2030","water_sd"
"365","Reclamation District #2035","water_sd"
"366","Reclamation District #2036","water_sd"
"367","Reclamation District #2037","water_sd"
"368","Reclamation District #2041","water_sd"
"369","Reclamation District #2042","water_sd"
"370","Reclamation District #2044","water_sd"
"371","Reclamation District #2058","water_sd"
"372","Reclamation District #2060","water_sd"
"373","Reclamation District #2062","water_sd"
"374","Reclamation District #2064","water_sd"
"375","Reclamation District #2065","water_sd"
"376","Reclamation District #2067​","water_sd"
"377","Reclamation District #2068","water_sd"
"378","Reclamation District #2074","water_sd"
"379","Reclamation District #2075","water_sd"
"380","Reclamation District #2085","water_sd"
"381","Reclamation District #2086","water_sd"
"382","Reclamation District #2089","water_sd"
"383","Reclamation District #2090","water_sd"
"384","Reclamation District #2093","water_sd"
"385","Reclamation District #2094","water_sd"
"386","Reclamation District #2095","water_sd"
"387","Reclamation District #2096","water_sd"
"388","Reclamation District #2107","water_sd"
"389","Reclamation District #2108","water_sd"
"390","Reclamation District #2110","water_sd"
"391","Reclamation District #2112","water_sd"
"392","Reclamation District #2113","water_sd"
"393","Reclamation District #2114","water_sd"
"394","Reclamation District #2115","water_sd"
"395","Reclamation District #2118","water_sd"
"396","Reclamation District #2119","water_sd"
"397","Reclamation District #2122","water_sd"
"398","Reclamation District #2126","water_sd"
"399","Reclamation District #2137","water_sd"
"400","Reclamation District #317","water_sd"
"401","Reclamation District #341","water_sd"
"402","Reclamation District #341​","water_sd"
"403","Reclamation District #348","water_sd"
"404","Reclamation District #369","water_sd"
"405","Reclamation District #38","water_sd"
"406","Reclamation District #403","water_sd"
"407","Reclamation District #404","water_sd"
"408","Reclamation District #407​","water_sd"
"409","Reclamation District #501","water_sd"
"410","Reclamation District #524","water_sd"
"411","Reclamation District #537","water_sd"
"412","Reclamation District #544","water_sd"
"413","Reclamation District #548","water_sd"
"414","Reclamation District #551","water_sd"
"415","Reclamation District #554","water_sd"
"416","Reclamation District #556","water_sd"
"417","Reclamation District #730","water_sd"
"418","Reclamation District #731","water_sd"
"419","Reclamation District #744","water_sd"
"420","Reclamation District #756","water_sd"
"421","Reclamation District #765","water_sd"
"422","Reclamation District #766","water_sd"
"423","Reclamation District #773","water_sd"
"424","Reclamation District #787","water_sd"
"425","Reclamation District #788","water_sd"
"426","Reclamation District #799","water_sd"
"427","Reclamation District #800","water_sd"
"428","Reclamation District #828","water_sd"
"429","Reclamation District #830","water_sd"
"430","Reclamation District #900","water_sd"
"431","Reclamation District #999","water_sd"
"432","Regional Water Authority","mj_entity"
"433","Reinvent South Stockton Coalition","msg"
"434","Rescape California","enviro"
"435","Restore The Delta","cbo_ngo"
"436","Rincon Consultants","ecr"
"437","Rio Linda Cdp","local_gov"
"438","Rio Linda-Elverta Recreation And Park District","enviro_sd"
"439","Rio Vista Care","cbo_ngo"
"440","Ripon Consolidated Fire Protection District","fire_sd"
"441","Rise Inc.","cbo_ngo"
"442","Rise Stockton","cbo_ngo"
"443","Rising Sun Center For Opportunity","cbo_ngo"
"444","River Delta Consulting","ecr"
"445","River Islands","industry"
"446","River Partners","cbo_ngo"
"447","Rodeo-Hercules Fire Protection District","fire_sd"
"448","Rollingwood Cdp","local_gov"
"449","Rominger Brothers Farms","ag_entity"
"450","Rural North Vacaville Water District","water_sd"
"451","Sac City School District","ecr"
"452","Sacramento Area Council Of Governments","reg_gov"
"453","Sacramento Area Flood Control Agency","water_sd"
"454","Sacramento Area Sewer District","water_sd"
"455","Sacramento Chinese Community Service Center","cbo_ngo"
"456","Sacramento Clean Cities Coalition","msg"
"457","Sacramento Climate Coalition","msg"
"458","Sacramento County","local_gov"
"459","Sacramento County Board Of Supervisors","local_gov"
"460","Sacramento County Department Of Airports","local_gov"
"461","Sacramento County Department Of Transportation","local_gov"
"462","Sacramento County Department Of Water Resources","local_gov"
"463","Sacramento County Emergency Services","local_gov"
"464","Sacramento County Environmental Management Department","local_gov"
"465","Sacramento County Farm Bureau","ag_entity"
"466","Sacramento County Office Of Emergency Services","local_gov"
"467","Sacramento County Office Of Planning And Environmental Review","local_gov"
"468","Sacramento County Public Works","local_gov"
"469","Sacramento County Water Agency","local_gov"
"470","Sacramento Electric Vehicle Association","cbo_ngo"
"471","Sacramento Food Policy Council","msg"
"472","Sacramento Groundwater Authority","mj_entity"
"473","Sacramento Housing Alliance","msg"
"474","Sacramento Housing And Redevelopment Agency","mj_entity"
"475","Sacramento Metropolitan Air Quality Management District","service_sd"
"476","Sacramento Metropolitan Fire District","fire_sd"
"477","Sacramento Municipal Utility District","service_sd"
"478","Sacramento Regional Coalition To End Homelessness","msg"
"479","Sacramento Regional County Sanitation District","water_sd"
"480","Sacramento Regional Parks","enviro_sd"
"481","Sacramento Regional Transit District","reg_gov"
"482","Sacramento Stand Down","cbo_ngo"
"483","Sacramento Steps Forward","cbo_ngo"
"484","Sacramento Suburban Water District","water_sd"
"485","Sacramento Water Agency","water_sd"
"486","Sacramento Water Forum","mj_entity"
"487","Sacramento-Yolo Port District","service_sd"
"488","Safeground Sacramento","cbo_ngo"
"489","San Francisco Estuary Institute","enviro"
"490","San Francisco Estuary Partnership","msg"
"491","San Francisco State University","ecr"
"492","San Gorgonio Pass Water Agency","water_sd"
"493","San Joaquin Area Flood Control Agency","water_sd"
"494","San Joaquin Council Of Governments","reg_gov"
"495","San Joaquin County","local_gov"
"496","San Joaquin County Community Development","local_gov"
"497","San Joaquin County Department Of Public Works","local_gov"
"498","San Joaquin County Farm Bureau","ag_entity"
"499","San Joaquin County General Services","local_gov"
"500","San Joaquin County Office Of Emergency Services","local_gov"
"501","San Joaquin County Public Health Services","local_gov"
"502","San Joaquin County Resource Conservation District","enviro_sd"
"503","San Joaquin County Sheriff's Office","local_gov"
"504","San Joaquin First 5","cbo_ngo"
"505","San Joaquin Pride Center","cbo_ngo"
"506","San Joaquin Regional Rail Commission","service_sd"
"507","San Joaquin Regional Transit District","reg_gov"
"508","San Joaquin Valley Air Pollution Control District","service_sd"
"509","San Joaquin Water District","water_sd"
"510","San Juan Community Services District","service_sd"
"511","San Juan Water District","water_sd"
"512","San Luis And Delta-Mendota Water Authority","mj_entity"
"513","San Miguel Community Services District","service_sd"
"514","San Ramon Geological Hazard Abatement","service_sd"
"515","San Ramon Valley Fire Protection District","fire_sd"
"516","San Ramon Valley Unified School District","ecr"
"517","Scripps Institute Of Oceanography","ecr"
"518","Shingle Springs Band Of Miwok Indians","tribe"
"519","Shores Of Hope","cbo_ngo"
"520","Sierra Business Center","cbo_ngo"
"521","Sierra Climate Adaptation And Mitigation Partnership","msg"
"522","Sierra Club","enviro"
"523","Slavic Community Center","cbo_ngo"
"524","Sloughhouse Resource Conservation District","enviro_sd"
"525","Solano County","local_gov"
"526","Solano County Agricultural Advisory Committee","local_gov"
"527","Solano County Black Chamber Of Commerce","local_gov"
"528","Solano County Family And Children's Services","local_gov"
"529","Solano County Farm Bureau","ag_entity"
"530","Solano County Water Agency","local_gov"
"531","Solano Economic Development Corporation","cbo_ngo"
"532","Solano Hispanic Chamber Of Commerce","cbo_ngo"
"533","Solano Irrigation District","water_sd"
"534","Solano Land Trust","enviro"
"535","Solano Resource Conservation District","enviro_sd"
"536","Solano Transportation Authority","local_gov"
"537","Soluri Meserve","ecr"
"538","South County Services (Galt Community Concilio)","cbo_ngo"
"539","South Delta Water Agency","water_sd"
"540","South Florida Water Management District","water_sd"
"541","South San Joaquin Irrigation District","water_sd"
"542","Southeast Asian Assistance Center","cbo_ngo"
"543","Southern Sierra Miwuk Nation","tribe"
"544","Sow A Seed Foundation","cbo_ngo"
"545","Springlake Fire Protection District","fire_sd"
"546","Stanislaus Council Of Governments","reg_gov"
"547","Stantec","ecr"
"548","State Lands Commission","state_gov"
"549","State Water Contractors","state_gov"
"550","State Water Resources Control Board","state_gov"
"551","State Water Resources Control Board: Delta Watermaster Office","state_gov"
"552","Stockton Fire Department","fire_sd"
"553","Stockton Metropolitan Airport","service_sd"
"554","Stockton Port District","service_sd"
"555","Stockton Service Corps","cbo_ngo"
"556","Stockton Strong","cbo_ngo"
"557","Stockton Unified School District","ecr"
"558","Stony Brook University","ecr"
"559","Stopwaste","local_gov"
"560","Strategic Growth Council","state_gov"
"561","Suisun City","local_gov"
"562","Suisun City Climate Change Commission","local_gov"
"563","Suisun Fire Protection District","fire_sd"
"564","Suisun Resource Conservation District","enviro_sd"
"565","Sunflower Alliance","msg"
"566","Sunrise Movement","cbo_ngo"
"567","Sustainable Contra Costa","cbo_ngo"
"568","Sustainable Solano","cbo_ngo"
"569","Sutter County Community Action Agency","local_gov"
"570","Suzanne Reed And Associates","ecr"
"571","The Climate Center","enviro"
"572","The Collaboration Connection","msg"
"573","The Dangermond Group","enviro"
"574","The Edible Schoolyard Project","cbo_ngo"
"575","The Freshwater Trust","enviro"
"576","The Greenlining Institute","cbo_ngo"
"577","The Henne Group","ecr"
"578","The Nature Conservancy","enviro"
"579","The Regional Center For Volunteerism-
Hanson Sacramento And Sacramento Region 
Voluntary Organizations Active In Disaster","cbo_ngo"
"580","Third City Coalition","msg"
"581","Town Of Danville","local_gov"
"582","Town Of Discovery Bay","local_gov"
"583","Town Of Moraga","local_gov"
"584","Tracy Rural Fire Protection District","fire_sd"
"585","Trailpeople","cbo_ngo"
"586","Tuxedo - Country Club Rural Fire Protection District","fire_sd"
"587","Twin Rivers United School District","ecr"
"588","United Auburn Indian Community Of The Auburn Rancheria","tribe"
"589","United Farm Workers","ag_entity"
"590","United Latinos","cbo_ngo"
"591","United States Army Corps Of Engineers","fed_gov"
"592","United States Bureau Of Reclamation","fed_gov"
"593","United States Department Of The Interior","fed_gov"
"594","United States Department Of Transportation","fed_gov"
"595","United States Environmental Protection Agency","fed_gov"
"596","United States Fish And Wildlife Service","fed_gov"
"597","United States Geological Survey","fed_gov"
"598","United States National Resource Conservation Service","fed_gov"
"599","United States Western Ecological Research Center","fed_gov"
"600","University Of California Agriculture And Natural Resources","ecr"
"601","University Of California Berkeley","ecr"
"602","University Of California Davis","ecr"
"603","University Of California Davis Department Of Human Ecology","ecr"
"604","University Of California Davis Road Ecology Center","cbo_ngo"
"605","University Of California Los Angeles","ecr"
"606","University Of California Merced","ecr"
"607","University Of Massachusetts Hydrosystems Research Group","ecr"
"608","University Of The Pacific","ecr"
"609","University Of The Pacific Latinx Outreach Program","ecr"
"610","Uptown Studios","ecr"
"611","Utah State University","ecr"
"612","Vacaville Fire Protection District","fire_sd"
"613","Vallejo Flood And Wastewater District","water_sd"
"614","Valley Pacific Petroleum Services","service_provider"
"615","Valley Vision","cbo_ngo"
"616","Vcs Consulting","ecr"
"617","Village Community Resource Center","cbo_ngo"
"618","Vivo Stockton","cbo_ngo"
"619","Volunteers Of America","cbo_ngo"
"620","Wagner And Bonsignore","ecr"
"621","Walksacramento","cbo_ngo"
"622","Waterloo - Morada Fire District","fire_sd"
"623","Watermen's Alliance","msg"
"624","West Contra Costa Unified School District","ecr"
"625","West Plainfield Fire Protection District","fire_sd"
"626","West Sacramento Housing Development Corporation","cbo_ngo"
"627","West Stanislaus Irrigation District","water_sd"
"628","Westside Sacramento Regional Water Management Group","reg_gov"
"629","Willow Oak Fire Protection District","fire_sd"
"630","Wilton Rancheria","tribe"
"631","Winters Fire Protection District","fire_sd"
"632","With Our Words","cbo_ngo"
"633","Woodbridge Fire Protection District","fire_sd"
"634","Woodside Homeowners Association","cbo_ngo"
"635","Wsp","ecr"
"636","Yocha Dehe Wintun Nation","tribe"
"637","Yolo Bypass Cache Slough Partnership","mj_entity"
"638","Yolo County","local_gov"
"639","Yolo County Board Of Supervisors","local_gov"
"640","Yolo County Children's Alliance","local_gov"
"641","Yolo County Climate Action And Sustainability Program","local_gov"
"642","Yolo County Climate Action Commission","local_gov"
"643","Yolo County Climate Action Commission Ex-Officio Member","local_gov"
"644","Yolo County Community Services Department","local_gov"
"645","Yolo County Department Of Agriculture","local_gov"
"646","Yolo County Farm Bureau","ag_entity"
"647","Yolo County Flood Control And Water Conservation District","local_gov"
"648","Yolo County General Services","local_gov"
"649","Yolo County Health And Human Services Agency","local_gov"
"650","Yolo County Housing Authority","local_gov"
"651","Yolo County Library","local_gov"
"652","Yolo County Office Of Education","local_gov"
"653","Yolo County Office Of Emergency Services","local_gov"
"654","Yolo County Public Health","local_gov"
"655","Yolo County Resource Conservation District","enviro_sd"
"656","Yolo County Sheriffs Office","local_gov"
"657","Yolo First 5","cbo_ngo"
"658","Yolo Food Bank","cbo_ngo"
"659","Yolo Land And Cattle Co.","ag_entity"
"660","Yolo Resource Conservation District","enviro_sd"
"661","Yolo-Solano Air Quality Management District","service_sd"
"662","Yuba Water Agency","water_sd"
"663","Zone 7 Water Agency","water_sd"
"664","​Reclamation District #813","water_sd"
"665","Eastern Sierra Council Of Governments","reg_gov"
"666","Sherman Island Citizens Public Safety","cbo_ngo"
"667","California Land Stewardship Institute","ecr"
"668","California Releaf","cbo_ngo"
"669","Neumiller And Beardslee","ecr"
"670","University Of Pacific","ecr"
"671","Kjeldsen, Sinnock, And Neudeck, Inc.","ecr"
"672","Amador County","local_gov"
"673","University of  California Davis","ecr"
"674","Daggert Financial","ecr"
"675","Sacramento County Climate Crisis Management Task Force","local_gov"
"676","East Bay Regional Park District","enviro_sd"
"677","Natural Resources Conservation Service","fed_gov"
"678","California Department Of Toxic Substances Control","state_gov"
"679","Shepower Global","cbo_ngo"
"680","West Sacramento Fire Department","fire_sd"
"681","North San Joaquin Water Conservation District","water_sd"
"682","University Of California Delta","ecr"
"683","County Of San Joaquin","local_gov"
"684","Sacramento County Climate Emergency Mobilization Task Force","local_gov"
"685","Downey Brand Llp","service_provider"
"686","Hydrologic Systems","ecr"
"687","Sacramento County Supervisor","local_gov"
"688","California Department Of Parks And Recreation","state_gov"
"689","University Corporation For Atmostpheric Research","ecr"
"690","Zuco2 Llc","industry"
"691","California Department Of Water Resources:division Of Integrated Science And Engineering","state_gov"
"692","National Oceanic And Atmospheric Administration","fed_gov"
"693","Roman Catholic Diocese Of Sacramento","cbo_ngo"
"694","California Coastal Commission","state_gov"
"695","Pitzer College","ecr"
"696","Sacramento Countil Of Governments","reg_gov"
"697","United State Green Building Council Central California","cbo_ngo"
"698","Alonzo And Small Insurance","ecr"
"699","Ov Parks","enviro_sd"
"700","Cruz Strategies","ecr"
"701","Regional Government Services Authority","reg_gov"
"702","Cerescollab","ecr"
"703","Clean Mobility Options","state_gov"
"704","Wateristas","ecr"
"705","The Center On Race, Poverity, And The Environment","cbo_ngo"
"706","Tuolumne River Trust","cbo_ngo"
"707","Assemblymember Lori Wilson District 11","state_gov"
"708","Environmental Science Associates","ecr"
"709","Innovative Housing Authority Inc","ecr"
"710","American River Conservancy","reg_gov"
"711","Suscol Intertribal Council","tribe"
"712","City Of Union City","local_gov"
"713","Conservation Farms and Ranches","ag_entity"
"714","East County Community Leaders Network","msg"
"715","Knodt And Associates","ecr"
"716","Hdr Engineering","ecr"
"717","Multi Issue Community Organizing In Sacramento Region","ecr"
"718","We Prosper Together","msg"
"719","Multiple Regional Resource Conservation Districts",NA
"720","Reclamation District #1601​","water_sd"
"721","Delta Fire Protection District","fire_sd"
"722","Reclamation Districts","water_sd"
"723","Engineering Firms","ecr"
"724","Legal Firms",NA
"725","Carbon Sequestration",NA
"726","United States Department Of Energy","fed_gov"
"727","National Aeronautics And Space Administration","fed_gov"
"728","National Institute Of Food And Agriculture","fed_gov"
"729","Numerous Farms","ag_entity"
"730","University Of California","ecr"
"731","Individual Farmers","ag_entity"
"732","Cities","msg"
"733","Breathe California","cbo_ngo"
"734","United States Forest Service","fed_gov"
"735","Capital Region Climate Readiness Collaborative","msg"
"736","Local Island Owners",NA
"737","86 Orgs In Our Network","msg"
"738","California Polytechnic State University","ecr"
"739","Irrigation District","water_sd"
"740","California Community Center","cbo_ngo"
"741","Local Tribes Around Stockton","tribe"
"742","Delta Reclamation Districts","water_sd"
"743","Engineering Consultants","ecr"
"744","Several Reclamation Districts","water_sd"
"745","Local Businesses",NA
"746","Local Community Members",NA
"747","Local K:12 Schools",NA
"748","Public Water Agencies","water_sd"
"749","Centers For Disease Control And Prevention","cbo_ngo"
"750","California Building Standards Commission","state_gov"
"751","Various Parks Districts Across Sacramento County","local_gov"
"752","Local Reclamation Districts","water_sd"
"753","United States Cybersecurity And Infrastructure Security Agency","fed_gov"
"754","Reclamation Districts Within Sacramento County","local_gov"
"755","Local Tribes","tribe"
"756","I Don't Think Folks Would Like To Be Named In Stockton","ecr"
"757","Data Is Globally Available",NA
"758","State Of California",NA
"759","Multiple Cities In Sacramento County","local_gov"
"760","Arizona State University","state_gov"
"761","Coe",NA
"762","Many Reclamation Districts Throughout The Delta","water_sd"
"763","Maine Prairie Water District","water_sd"
"764","Cbec Eco Engineering","ecr"
"765","Multiple Tribes Across The State As Needed For Consultation And Planning","tribe"
"766","Resource Conservation Districts",NA
"767","Water And Irrigation Districts","water_sd"
"768","Groundwater Sustainability Agencies",NA
"769","Private Landowners, Farmers And Ranchers","ag_entity"
"770","Various Reclamation Districts","water_sd"
"771","Westlands Water District","water_sd"
"772","The Bay Institute","ecr"
"773","Local Water Purveyors (Sacramento Area Focus)",NA
"774","Water Authorities",NA
"775","National Resources Defense Council","fed_gov"
"776","San Diego County Water Authority","mj_entity"
"777","Southern California Watershed Alliance","msg"
"778","Washington Unified School District","ecr"
"779","Eastern San Joaquin Groundwater Authority","mj_entity"
"780","Calspa",NA
"781","Bay Area Metropolitan Transportation Commission","reg_gov"
"782","Epic Insurance Brokers And Consultants","ecr"
"783","Cities In Solano County","ecr"
"784","Various Resource Conservation Districts In Solano County","ecr"
"785","Various Reclamation Districts In Solano And Yolo County","water_sd"
"786","Numerous Delta Growers",NA
"787","Local School Teachers",NA
"788","Volunteers",NA
"789","Boy Scout Groups",NA
"790","Scripps Institution Of Oceanography","ecr"
"791","Samara Consulting","ecr"
"792","Chapman University","ecr"
"793","Slater Farms, Inc.","ag_entity"
"794","Congressional Representatives",NA
"795","Reclamation District #563","water_sd"
"796","Reclamation Districts ","water_sd"
"797","Water Districts ","water_sd"
"798","Delta",NA
"799","County Oes",NA
"800","Lmas",NA
"801","Various Delta Reclamation Districts.","water_sd"
"802","Various Reclamation Districts.  (They Are Local Governmental Agencies But Also Considered ""Special Districts."")","water_sd"
"803","Local Community Members At Large",NA
"804","California State University Monterey Bay","ecr"
"805","Several, In Conjunction With Restore The Delta","ecr"
"806","Too Many To Name",NA
"807","Richmond Community Foundation","cbo_ngo"
"808","National Science Foundation","fed_gov"
"809","Bay Area Air Quality Management District","service_sd"
"810","California State University Long Beach","ecr"
"811","Reclamation District #17","water_sd"
"812","Most Ucs",NA
"813","Most California State Universitys","ecr"
"814","Private Universities","ecr"
"815","United States Bureau Of Land Management","fed_gov"
"816","Sacramento Central Groundwater Agency","mj_entity"
"817","Cosumnes Coalition","msg"
"818","University Of Colorado Denver","ecr"
"819","Reclamation Disricts",NA
"820","Friends Of The Delta","cbo_ngo"
"821","California Urban Water Agencies","water_sd"
"822","Various Property Based Improvement Districts",NA
"823","Cosumnes River College","ecr"
"824","Miwok Ecocultural Specialists",NA
"825","Various Farms And Ranches","ag_entity"
"826","Water Districts","water_sd"
"827","Building Industry Association","ecr"
"828","Individual Landowners","individual"
"829","River City Water Way Alliance","msg"
"830","Friends Of Auburn Ravine","cbo_ngo"
"831","Fly Fishers International","ecr"
"832","California Public Utilites Commission","state_gov"
"833","Resource Conservation District","enviro_sd"
"834","California",NA
"835","Bay Area Regional Energy Network","msg"
"836","California Volunteers Network","msg"
"837","Napa Unified School District","ecr"
"838","Napa Valley Community College","ecr"
"839","Santa Rosa Junior College","ecr"
"840","Napa Valley Community Based Networks",NA
"841","Geoff Ellsworth",NA
"842","United States Environmnetal Protection Agency","fed_gov"
"843","Air Quality Management District","service_sd"
"844","Effie Yeaw Nature Center","cbo_ngo"
"845","Soil Born Farms","ag_entity"
"846","Donors",NA
"847","Navajo Nation","tribe"
"848","San Carlos Apache Tribe","tribe"
"849","Colorado River Indian Tribes","tribe"
"850","Pasqua Yaqui Tribe","tribe"
"851","Pima Association Of Governments","reg_gov"
"852","City Of Tucson","local_gov"
"853","Tucson Audubon","enviro"
"854","Water Utiltiies",NA
"855","Mining Companies",NA
"856","Electric Utilities",NA
"857","Many",NA
"858","Cachil Dehe Band Of Wintun Indians Of The Colusa Rancheria","tribe"
"859","Water Boards",NA
"860","Supervisor's Office",NA
"861","University Of Southern California","ecr"
"862","David Caran",NA
"863","California Department Of Industrial Relations","state_gov"
"864","United States Department Of Labor","fed_gov"
"865","California Rural Legal Assistance Foundation","service_provider"
"866","The Ufw Foundation","cbo_ngo"
"867","Workers With Heat Safety Violations",NA
"868","Will Not Answer. In Appropriate Question To Non:tribal Members.","ecr"
"869","Proprietary Information","ecr"
"870","California Natural Resource Agency","state_gov"
"871","University Of California  Berkeley","ecr"
"872","Reclamation District #2082","water_sd"
"873","Reclamation District #1500","water_sd"
"874","California State Water Resources Control Board","state_gov"
"875","Insight Garden Project","ecr"
"876","Patricia Barrett",NA
"877","Pandora Crowater Districter",NA
"878","San Joaquin Community Foundation","cbo_ngo"
"879","Special Districts In North Richmond","ecr"
"880","Department Of The Interior","ecr"
"881","Federal Transportation Agency","fed_gov"
"882","Native American Indian And Indigenous Center ","tribe"
"883","California Department Of Transportation (Caltrans)","state_gov"
"884","California Department Of Education","state_gov"
"885","California Department Of Waterways","state_gov"
"886","San Joaquin County Health Department ","local_gov"
"887","Downtown Stockton Alliance","msg"
"888","San Joaquin County Flood Control District","local_gov"
"889","Central Valley Asian Chamber Of Commerce","cbo_ngo"
"890","Western Farm Workers Association","ag_entity"
"891","Visit Stockton","cbo_ngo"
"892","National Resources Conservation Service","fed_gov"
"893","Many Cities Including Oakley, Brentwood, Concord, Walnut Creek, Martinez, San Pablo, Richmond, Lafayette, San Ramon, And More","ecr"
"894","Pittsburg Unified School District","ecr"
"895","Friends Of Concord Creeks","cbo_ngo"
"896","Friends Of The Creeks","cbo_ngo"
"897","Friends Of Pleasant Hill Creeks","cbo_ngo"
"898","Friends Of Alhambra Creeks","cbo_ngo"
"899","Friends Of San Ramon Creeks","cbo_ngo"
"900","Mountain View Sanitary District","water_sd"
"901","Rodeo Sanitary District","water_sd"
"902","Tehema County","reg_gov"
"903","Glen Colusa Irrigation District","water_sd"
"904","Tehema Colusa Canal Authority","mj_entity"
"905","Northern California Water Alliance","msg"
"906","Icf International","ecr"
"907","Jacobs Engineering","ecr"
"908","Davids Engineering","ecr"
"909","Mbk Engineering","ecr"
"910","Nmfs Southwest Fisheries Science Center","cbo_ngo"
"911","Climate Coalition","msg"
"912","Sutter Health","service_provider"
"913","Cemex","industry"
"914","California Ocean Protection Council","state_gov"
"915","American Rivers","enviro"
"916","Swiss Re","industry"
"917","Munich Re","industry"
"918","Climate Resilient Communities","cbo_ngo"
"919","Democratic Socialists Of America","msg"
"920","Third Act","msg"
"921","Earth Partners","industry"
"922","California Native Plant Society","cbo_ngo"
"923","Sustainable Conservation","cbo_ngo"
"924","Western United Dairymen","cbo_ngo"
"925","Dudek","ecr"
"926","Openet","service_provider"
"927","Restoration Design Group","ecr"
"928","Sonoma County Water","local_gov"
"929","Eagle Rock Analytics","ecr"
"930","League Of Women Voters","cbo_ngo"
"931","Natural Resources Defense Council","enviro"
"932","Icf","ecr"
"933","Anchor Qea","ecr"
"934","Scs Global Services","service_provider"
"935","Resource Management Associates","ecr"
"936","Sacramento Association Of Realtors","msg"
"937","Sacramento Region Builders Exchange","cbo_ngo"
"938","Cosumnes Culture And Waterways","cbo_ngo"
"939","The Conservation Fund","enviro"
"940","Dry Creek Conservancy","cbo_ngo"
"941","Nor Cal Fly Guides","service_provider"
"942","California Firewise","cbo_ngo"
"943","The Ortiz Group","service_provider"
"944","Vision 2050","msg"
"945","Napa Food Bank","cbo_ngo"
"946","Cuauhtemoc Villa","tribe"
"947","Arenstein And Anderson Co., Lpa","service_provider"
"948","Arizona Department Of Water Resources","state_gov"
"949","Arizona Department Of Environmental Quality","state_gov"
"950","Pima County","local_gov"
"951","Resources Legacy Fund","cbo_ngo"
"952","N/A",NA
"953","Baykeeper","cbo_ngo"
"954","Defenders Of Wildlife","enviro"
"955","California Wildlife Conservation Board","state_gov"
"956","Save Mount Diablo","cbo_ngo"
"957","California Agricultural Labor Relations Board","state_gov"
"958","California State University Fresno","ecr"
"959","Nisenan","tribe"
"960","Valley Water Collabrative","industry"
"961","Edible Schoolyard Project","cbo_ngo"
"962","California Clean Air Day","cbo_ngo"
"963","Bay Area Regional Transit","reg_gov"
"964","Communities For A Better Environment","cbo_ngo"
"965","Chevron","industry"
"966","Valley Link Rail Commission","reg_gov"
"967","Amtrak San Joaquin Joint Powers Authority","mj_entity"
"968","Miracle Mile Improvement District","service_sd"
"969","Cafe Coop","cbo_ngo"
"970","Filipino American National Historical Society","cbo_ngo"
"971","Marsh Creek Watershed Council","msg"
"972","Walnut Creek Watershed Council","msg"
"973","Alhambra Watershed Council","msg"
"974","Xerces Society","enviro"
"975","The Earth Team","cbo_ngo"
"976","South Sacramento Conservation Agency","mj_entity"
"977","Colusa County","reg_gov"
"978","Sites Project Authority","mj_entity"
"979","Water Climate Trust","cbo_ngo"
"980","Bay Keeper","enviro"
"981","Somach Simmons And Dunn Attorneys","service_provider"
"982","Building Healthy Communities","cbo_ngo"
"983","Sacramento Metropolitan Chamber Of Commerce","cbo_ngo"
"984","Confederated Villages Of Lisjan Nation","tribe"
"985","Cmg Architecture","ecr"
"986","Arup","ecr"
"987","Bay Planning Coalition","msg"
"988","Bay Area Council","service_provider"
"989","Canal Alliance","msg"
"990","Watershed Project","cbo_ngo"
"991","West Oakland Environmental Indicators Project","ecr"
"992","Save The Bay","cbo_ngo"
"993","Port Of Oakland","local_gov"
"994","Alameda County","local_gov"
"995","Marin County","local_gov"
"996","Santa Clara County","local_gov"
"997","California State Coastal Conservancy","reg_gov"
"998","Santa Clara Valley Water District","water_sd"
"999","Bay Area Regional Transportation","reg_gov"
"1000","California Governor's Office Of Emergency Services","state_gov"
"1001","San Joaquin County Flood Control And Water Conservation District","local_gov"
"1002","Sacramento Environmental Commission","msg"
"1003","San Joaquin Association Of Flood Control Agencies","msg"
"1004","Governor's Office Of Business And Economic Development","state_gov"
"1005","City Of Novato","local_gov"
"1006","Sonoma County","local_gov"
"1007","Alameda Flood Control District","water_sd"
"1008","Building Industry Alliance","ecr"
"1009","International Code Council","ecr"
"1010","California Sportfishing Alliance","msg"
"1011","Floodplain Management Association","msg"
"1012","Verisk","ecr"
"1013","Wildlife Conservation Board","state_gov"
"1014","Colusa Resource Conservation District","enviro_sd"
"1015","Sutter Resource Conservation District","enviro_sd"
"1016","Big Valley Band Of Pomo Indians","tribe"
"1017","Scott's Valley Band Of Pomo","tribe"
"1018","Napa County Resource Conservation District","enviro_sd"
"1019","United Auburn Indian Community","tribe"
"1020","Pew Charitable Trusts","enviro"
"1021","City Of Hercules","local_gov"
"1022","Refinery Transition Workgroup","msg"
"1023","University Of California Santa Cruz","ecr"
"1024","California Department Of Forestry And Fire Protection","state_gov"
"1025","United States Department Of Agriculture","fed_gov"
"1026","California Department Of Conservation","state_gov"
"1027","Friends Of Marsh Creek Watershed","cbo_ngo"
"1028","The Volunteer Center Of Contra Costa","cbo_ngo"
"1029","Placer County Air Pollution Control District","service_sd"
"1030","Teichert","industry"
"1031","Pacific Institute","ecr"
"1032","University Of California Irvine","ecr"
"1033","Placer County Water Agency","local_gov"
"1034","Environmental Council Of Sacramento","cbo_ngo"
"1035","Friends Of The River","cbo_ngo"
"1036","Save The American River Association","cbo_ngo"
"1037","Sacramento Metro Chamber","cbo_ngo"
"1038","Climate Resolve","cbo_ngo"
"1039","Climate Plan","msg"
"1040","West Coast Arborists","industry"
"1041","The Davey Tree Expert Company","industry"
"1042","University Of San Francisco","ecr"
"1043","San Francisco Public Utilities Commission","reg_gov"
"1044","Public Policy Institute Of California","ecr"
"1045","Hdr, Inc.","ecr"
"1046","Stanford University","ecr"
"1047","Reclamation District #1004","water_sd"
"1048","Grassland Water District","water_sd"
"1049","Audubon California","enviro"
"1050","California Trout","enviro"
"1051","City Of Fremont","local_gov"
"1052","City Of Newark","local_gov"
"1053","Union Sanitary District","water_sd"
"1054","California Department Of Insurance","state_gov"
"1055","Delta Region Geologic Hazard Abatement District","service_sd"
"1056","Engeo Incorporated","ecr"
"1057","Oneshoreline","water_sd"
"1058","Rand Corporation","cbo_ngo"
"1059","Tohono O'odham Nation","tribe"
"1060","Boards And Commissions Leadership Institute","ecr"
"1061","Yolo Subbasin Groundwater Agency","mj_entity"
"1062","Center For Biological Diversity","cbo_ngo"
"1063","The Earth Partners","industry"
"1064","Sacramento Area Congregations Together","msg"
"1065","California State Parks","enviro_sd"
"1066","Water Education Foundation","cbo_ngo"
"1067","California State Office Of Historic Preservation","state_gov"
"1068","Almond Board Of California","msg"
"1069","California Water Commission","state_gov"
"1070","Los Angeles County","local_gov"
"1071","Yuba County Water Agency","local_gov"
"1072","Yurok Tribe","tribe"
"1073","Winnemem Wintu Tribe","tribe"
"1074","Food And Water Watch","enviro"
"1075","Environmental Water Caucus","msg"
"1076","Bakersfield-Kern Regional Homeless Collaborative","msg"
"1077","Southern Sierra Kiwis Nation","tribe"
"1078","Eastern San Joaquin Groundwater Agency","mj_entity"
"1079","Stockton East Water District","water_sd"
"1080","Woodbridge Irrigation District","water_sd"
"1081","Self Help Enterprises","cbo_ngo"
"1082","Alameda Resource Conservation District","enviro_sd"
"1083","Land Trust Of Santa Cruz County","local_gov"
"1084","Peninsula Open Space Trust","enviro"
"1085","Jodi Mcgraw Consulting","ecr"
"1086","East Contra Costa County Habitat Conservancy","reg_gov"
"1087","Conservation Farms And Ranches","ag_entity"
"1088","John Muir Land Trust","enviro"
"1089","Contra Costa County Flood Control District","local_gov"
"1090","San Jose State University","ecr"
"1091","California Department Of Energy","state_gov"
"1092","Bay Area Regional Collaborative","msg"
"1093","City Of Alameda","local_gov"
"1094","City Of San Francisco","local_gov"
"1095","City Of San Rafael","local_gov"
"1096","San Mateo County","local_gov"
"1097","San Fransiquito Joint Powers Authority","mj_entity"
"1098","Citizens Committee To Complete The Refuge","cbo_ngo"
"1099","Delta Chamber Of Commerce","cbo_ngo"
"1100","Reclamation District #536","water_sd"
"1101","Cosumnes River Preserve","fed_gov"
"1102","California Sportfishing Protection Alliance","msg"
"1103","California Water Impact Network","msg"
"1104","Aqua Alliance","msg"
"1105","Ecosystem Investment Partners","ecr"
"1106","East Bay Clean Air Coalition","msg"
"1107","Stanislaus County","local_gov"
"1108","Sacramento-Yolo Mosquito And Vector Control District","service_sd"
"1109","San Joaquin County Mosquito And Vector Control District","local_gov"
"1110","Discovery Bay Community Foundation","cbo_ngo"
"1111","Delta Coves Maintenance Corporation","industry"
"1112","League Of Women Voters Of San Joaquin County","msg"
"1113","Friant Water Authority","mj_entity"
"1114","Tehama Colusa Canal Authority","mj_entity"
"1115","Carmichael Water District","water_sd"
"1116","North State Building Industry Association","ecr"
"1117","Edge Collaborative","msg"
"1118","Confederated Villages Of Lisjan","tribe"
"1119","City Of Martinez","local_gov"
"1120","The Watershed Project","enviro"
"1121","Paskenta Band Of Nomlaki Indians","tribe"
"1122","Tamien Nation","tribe"
"1123","Bay Area Transportation Authority","local_gov"
"1124","Trout Unlimited","cbo_ngo"
"1125","Cramer Fish Sciences","ecr"
"1126","Reclamation District #2092","water_sd"
"1127","Bay Area Council Foundation","cbo_ngo"
"1128","Kearns And West","ecr"
"1129","Sierra Nevada Conservancy","reg_gov"
"1130","Omochumne-Hartnell Water District","water_sd"
"1131","Sacramento Central Groundwater Authority","mj_entity"
"1132","Sacramento Splash","cbo_ngo"
"1133","Delta Independent Science Board","ecr"
"1134","University Of Arizona","ecr"
"1135","Friends Of Pinole Creek Watershed","cbo_ngo"
"1136","Maidu","tribe"
"1137","Santa Cruz County","local_gov"
"1138","California State Association Of Counties","state_gov"
"1139","Mountain Counties Water Resources Association","cbo_ngo"
"1140","Solano Stormwater Alliance","msg"
"1141","Sacramento Tree Foundation","cbo_ngo"
"1142","Sacramento Valley Conservancy","reg_gov"
